,Player,Pick,Position,ID,Draft Year,Projected SPM,Superstar,Starter,Role Player,Bust
0,Tim Pickett,44,SG,tim-pickett,2004,-1.309528422,0.00086899,0.038588546,0.308918995,0.651623469
1,Chris Paul,4,PG,chris-paul,2005,1.516427425,0.163318627,0.48997168,0.09913282400000001,0.24757686899999998
2,Brandon Bass,33,PF,brandon-bass,2005,-0.196150629,0.010712641,0.282192702,0.35684566100000004,0.350248995
3,Emeka Okafor,2,PF,emeka-okafor,2004,0.38286378200000004,0.05950957,0.454024052,0.155522628,0.33094375
4,Raymond Felton,5,PG,raymond-felton,2005,0.329183515,0.050032359000000005,0.3878886,0.18746655899999998,0.374612483
5,Sean May,13,PF,sean-may,2005,-0.242284638,0.023464762000000004,0.23811337600000002,0.40101473299999996,0.33740713
6,Adam Morrison,3,SF,adam-morrison,2006,-0.627188565,0.017599666,0.13475722099999998,0.5040972810000001,0.34354583200000005
7,Ryan Hollins,50,C,ryan-hollins,2006,-1.1403271959999999,0.0,0.046265129,0.404903695,0.548831176
8,Samuel Dalembert,26,C,samuel-dalembert,2001,-0.586307794,0.0040210509999999994,0.184769638,0.397884609,0.41332470200000004
9,Damone Brown,36,SF,damone-brown,2001,-1.259392873,0.0,0.043803137,0.335952559,0.620244304
10,Alvin Jones,56,C,alvin-jones,2001,-1.088554185,0.00069446,0.062898088,0.38290733200000004,0.553500119
11,Sam Clancy,44,PF,sam-clancy,2002,-1.321624095,0.001197723,0.041680308,0.28617657,0.6709454
12,Andre Iguodala,9,SG,andre-iguodala,2004,0.723507888,0.115662675,0.405836971,0.160668426,0.317831928
13,Thaddeus Young,12,SF,thaddeus-young,2007,0.23558509,0.057339574000000004,0.39845339799999996,0.210754986,0.333452042
14,Daequan Cook,21,SG,daequan-cook,2007,-0.501947414,0.010837887,0.174134791,0.45177595600000003,0.363251366
15,JaJuan Johnson,27,PF,jajuan-johnson,2011,-1.21498146,0.000672015,0.070353094,0.29134657399999997,0.637628317
16,Jordan Williams,36,C,jordan-williams,2011,-0.44607608,0.005932099000000001,0.19495390899999998,0.358490947,0.440623045
17,Mason Plumlee,22,C,mason-plumlee,2013,-0.700841167,0.001170008,0.172470295,0.37957076799999995,0.446788929
18,Chris McCullough,29,PF,chris-mccullough,2015,-0.630996181,0.006566666999999999,0.19213333300000002,0.2932,0.5081
19,Pat Connaughton,41,SF,pat-connaughton,2015,-0.8337818709999999,0.000664804,0.08891347,0.432599715,0.47782201
20,Shane Battier,6,SF,shane-battier,2001,1.776771289,0.06667887,0.655715297,0.11622211800000001,0.161383714
21,Jamaal Tinsley,27,PG,jamaal-tinsley,2001,0.46812575,0.071168193,0.408753446,0.166773082,0.35330527899999997
22,Will Solomon,32,PG,will-solomon,2001,-1.301901339,0.0,0.025062692,0.342152068,0.63278524
23,Travis Hansen,37,SG,travis-hansen,2003,-1.355053967,0.000528736,0.022118081,0.328288245,0.649064938
24,Josh Childress,6,SF,josh-childress,2004,-0.102792004,0.019395903,0.29856797,0.326055739,0.355980388
25,Josh Smith,17,C,9-josh-smith,2015,-1.192473127,0.0,0.026755605,0.382057886,0.591186509
26,Royal Ivey,37,SG,royal-ivey,2004,-1.030784037,0.0,0.066388223,0.47813641799999995,0.45547535899999997
27,Marvin Williams,2,SF,24-marvin-williams,2005,0.971451805,0.10961904800000001,0.464428571,0.176428571,0.24952381
28,Salim Stoudamire,31,SG,salim-stoudamire,2005,-1.22338789,0.0,0.036843845,0.36673100399999997,0.596425151
29,Shelden Williams,5,PF,shelden-williams,2006,-0.8299575159999999,0.001680307,0.141285663,0.39410596200000003,0.46292806799999997
30,Solomon Jones,33,C,solomon-jones,2006,-1.3584936140000001,0.0,0.033607648999999996,0.277170314,0.6892220370000001
31,Al Horford,3,PF,al-horford,2007,0.707756205,0.088973525,0.440303555,0.19413306,0.27658986
32,Kirk Haston,16,PF,kirk-haston,2001,-1.25149325,0.0020860889999999997,0.039628914,0.327626686,0.630658311
33,David West,18,PF,david-west,2003,-0.41960310100000003,0.005991156,0.286473415,0.251416987,0.456118442
34,Draymond Green,35,SF,draymond-green,2012,-0.556659557,0.0024765489999999998,0.169968738,0.421028206,0.40652650700000004
35,Harrison Barnes,7,SF,harrison-barnes,2012,0.220673597,0.06666784099999999,0.35843417899999996,0.200094882,0.37480309799999995
36,Festus Ezeli,30,C,festus-ezeli,2012,-1.169515729,0.0,0.057072932,0.36457321600000003,0.578353852
37,Kevon Looney,30,PF,kevon-looney,2015,0.204173217,0.0083,0.355566667,0.37491666700000004,0.261216667
38,Zach Randolph,19,PF,zach-randolph,2001,0.22017162699999998,0.010008936999999999,0.343524193,0.39063258,0.255834291
39,Jason Jennings,42,C,jason-jennings,2002,-0.309111829,0.026795193999999998,0.276365749,0.23269051899999998,0.46414853899999997
40,Alton Ford,50,PF,alton-ford,2001,-0.41335765799999996,0.010009311,0.21713221600000002,0.349487896,0.423370577
41,Casey Jacobsen,22,SG,casey-jacobsen,2002,-0.271668668,0.014198424,0.257938815,0.369454165,0.358408596
42,Luol Deng,7,SF,luol-deng,2004,0.402108866,0.076092896,0.47185792299999996,0.135519126,0.316530055
43,Nate Robinson,21,PG,nate-robinson,2005,-0.534871435,0.003299275,0.23671417100000003,0.296688625,0.463297929
44,P.J. Tucker,35,SF,pj-tucker,2006,-0.460092589,0.006508848,0.19409026,0.416743394,0.382657499
45,Roy Hibbert,17,C,roy-hibbert,2008,0.030653331000000002,0.009763837,0.38544127,0.308611101,0.29618379100000003
46,DeMar DeRozan,9,SG,demar-derozan,2009,-0.286519007,0.042119859,0.225967262,0.366003788,0.365909091
47,Ed Davis,13,PF,2-ed-davis,2010,0.259815792,0.032182769,0.374500558,0.325111177,0.268205496
48,Terrence Ross,8,SG,terrence-ross,2012,-0.393773751,0.018984716999999998,0.21497628600000002,0.348887871,0.417151127
49,Quincy Acy,37,SF,quincy-acy,2012,-1.083851248,0.00030907,0.071857226,0.357689055,0.570144649
50,Richard Jefferson,13,SF,richard-jefferson,2001,-0.34009599100000004,0.010561418999999999,0.204911007,0.427876673,0.356650901
51,Jason Collins,18,C,jason-collins,2001,-0.504187239,0.005972994000000001,0.207072135,0.410867391,0.37608748
52,Brandon Armstrong,23,SG,brandon-armstrong,2001,-0.7447116220000001,0.013162878000000001,0.17568650600000002,0.285645211,0.5255054060000001
53,Tito Maddox,37,PG,tito-maddox,2002,-0.554828116,0.000915751,0.183768315,0.38489011,0.430425824
54,Luis Flores,55,SG,luis-flores,2004,-1.29883128,0.00016015299999999998,0.02172001,0.362343009,0.615776828
55,Luther Head,24,PG,luther-head,2005,-0.874334548,0.000104826,0.107947763,0.40730224,0.48464517100000004
56,Rudy Gay,8,SF,rudy-gay,2006,0.46212690799999995,0.083618277,0.42863719,0.160119071,0.327625462
57,Steve Novak,32,SF,steve-novak,2006,-0.794232211,0.0,0.074972173,0.51266365,0.41236417700000005
58,Nolan Smith,21,SG,nolan-smith,2011,-0.663804856,0.001932567,0.16741440900000001,0.405567523,0.42508550100000003
59,Jon Diebler,51,SG,jon-diebler,2011,-0.6723650320000001,0.0,0.13241977300000002,0.430724626,0.43685560100000004
60,Kyrie Irving,1,PG,kyrie-irving,2011,0.878822439,0.145133333,0.3847,0.133516667,0.33665
61,Tristan Thompson,4,PF,2-tristan-thompson,2011,0.550651756,0.0799,0.404183333,0.204216667,0.3117
62,Justin Harper,32,PF,justin-harper,2011,-1.1120033520000001,0.0,0.08853987,0.326838448,0.584621683
63,Dion Waiters,4,SG,dion-waiters,2012,0.8812986070000001,0.122661905,0.403533333,0.199038095,0.274766667
64,Jared Cunningham,24,SG,2-jared-cunningham,2012,-0.44139395200000003,0.012164518000000001,0.193810652,0.38509138,0.408933451
65,Bernard James,33,C,bernard-james,2012,-1.0934439040000001,0.0,0.058821607000000005,0.372845857,0.568332536
66,Jae Crowder,34,SF,jae-crowder,2012,-0.595557739,0.001250205,0.18452771699999998,0.38779319100000004,0.42642888799999995
67,Anthony Bennett,1,PF,anthony-bennett,2013,0.338017425,0.065866667,0.387,0.203416667,0.34371666700000003
68,Allen Crabbe,31,SG,allen-crabbe,2013,-0.562182507,0.0034651490000000003,0.152968209,0.431709994,0.411856648
69,Carrick Felix,33,SG,carrick-felix,2013,-1.208663593,0.0,0.039530919,0.360240658,0.600228423
70,Ike Diogu,9,PF,ike-diogu,2005,-0.523233245,0.009637211,0.219135141,0.366969735,0.404257914
71,Chris Taft,42,PF,chris-taft,2005,-0.5362187079999999,0.003696763,0.14238318,0.48939154,0.364528516
72,Patrick O'Bryant,9,C,patrick-o-bryant,2006,-0.053936217,0.018479873,0.29454603,0.398548083,0.288426013
73,Jermareo Davidson,36,PF,jermareo-davidson,2007,-1.305091185,9.76795e-05,0.02812819,0.34832260200000004,0.6234515279999999
74,Stephane Lasme,46,PF,stephane-lasme,2007,-1.126446842,0.0,0.033650267000000005,0.42080560100000003,0.545544131
75,Anthony Randolph,14,PF,anthony-randolph,2008,-0.425511294,0.014825581000000001,0.25746124,0.294597868,0.43311531
76,Richard Hendrix,49,PF,richard-hendrix,2008,-1.129893634,0.0005495519999999999,0.048082634000000006,0.38861135799999996,0.562756456
77,Joe Johnson,10,SF,joe-johnson,2001,-0.228294525,0.020672462,0.258822735,0.38097191799999996,0.339532885
78,Joseph Forte,21,SG,joseph-forte,2001,0.284224193,0.12314448199999999,0.308616696,0.135274098,0.43296472399999997
79,Kevin Love,5,PF,kevin-love,2008,0.701868383,0.12477231300000001,0.39428506399999996,0.182695811,0.298246812
80,Donte Greene,28,SF,donte-greene,2008,-0.8611528140000001,0.002412281,0.148815789,0.351929825,0.496842105
81,Hasheem Thabeet,2,C,hasheem-thabeet,2009,-0.048061645,0.031390863,0.318884152,0.301575741,0.34814924399999997
82,DeMarre Carroll,27,PF,demarre-carroll,2009,-1.082646133,0.00045109400000000003,0.095981902,0.31982907899999996,0.583737925
83,Sam Young,36,SF,sam-young,2009,-0.722306848,0.000291576,0.16335861699999998,0.415221734,0.421128073
84,Xavier Henry,12,SG,xavier-henry,2010,0.24416485300000002,0.060200364000000006,0.350865209,0.296880692,0.292053734
85,Dominique Jones,25,SG,0-dominique-jones,2010,-1.094464866,0.00295923,0.039675938,0.43157702700000006,0.525787806
86,Greivis Vasquez,28,SG,greivis-vasquez,2010,-1.0197271909999999,0.0014021729999999998,0.07052725900000001,0.392118232,0.535952336
87,Josh Selby,49,PG,josh-selby,2011,-0.423177433,0.003966667,0.212066667,0.383266667,0.4007
88,Tony Wroten,25,PG,tony-wroten,2012,-0.245215022,0.021566667,0.280566667,0.2869,0.410966667
89,Jordan Adams,22,SG,2-jordan-adams,2014,0.416089009,0.051623342999999995,0.35778070799999995,0.32551334600000004,0.265082604
90,Jarell Martin,25,PF,jarell-martin,2015,-0.7217396640000001,0.0014716360000000001,0.15872561699999999,0.35777267799999996,0.482030069
91,Troy Bell,16,PG,troy-bell,2003,-1.07655702,0.000672273,0.068574472,0.385004591,0.545748664
92,Dahntay Jones,20,SG,dahntay-jones,2003,-1.127440583,0.001612973,0.07240794099999999,0.38158497399999997,0.544394113
93,Brandon Hunter,56,PF,brandon-hunter,2003,-1.309554944,0.0,0.022882357000000002,0.323309707,0.653807936
94,Delonte West,24,SG,delonte-west,2004,-0.7792922859999999,0.007151243000000001,0.148452857,0.34802052299999997,0.49637537600000003
95,Tony Allen,25,SG,tony-allen,2004,-0.8664471779999999,0.007969967,0.109174265,0.361727355,0.521128413
96,Justin Reed,40,SF,justin-reed,2004,-1.510119446,0.0008083210000000001,0.013231625,0.23764098600000003,0.7483190679999999
97,Ryan Gomes,50,SF,ryan-gomes,2005,-1.034835774,0.000252417,0.08432440599999999,0.3736897,0.5417334770000001
98,Orien Greene,53,PG,orien-greene,2005,-1.20619942,0.00032161900000000004,0.046239632,0.336289684,0.617149065
99,Randy Foye,7,SG,randy-foye,2006,-0.300179995,0.036798019,0.230454942,0.287249231,0.44549780899999997
100,Jeff Green,5,SF,jeff-green,2007,0.077181143,0.043752093,0.324311358,0.256275342,0.37566120799999997
101,Gabe Pruitt,32,PG,gabe-pruitt,2007,-0.7789871490000001,0.007583099,0.16434464099999999,0.308926692,0.519145567
102,J.R. Giddens,30,SG,jr-giddens,2008,-1.212790993,0.0,0.026419841,0.40369536100000003,0.5698847979999999
103,Lester Hudson,58,SG,lester-hudson,2009,-0.9331986879999999,0.00098341,0.038579636,0.506165776,0.454271178
104,Avery Bradley,19,SG,avery-bradley,2010,-0.18671147,0.039254386,0.291315789,0.281710526,0.387719298
105,Luke Harangody,52,PF,luke-harangody,2010,-1.228701512,0.004169845,0.035532349,0.35444345899999996,0.6058543470000001
106,Jared Sullinger,21,PF,jared-sullinger,2012,0.44468112299999996,0.022565109,0.40867264,0.32864506,0.240117191
107,Kris Joseph,51,SF,kris-joseph,2012,-1.0694359340000001,0.0,0.05797981,0.39338849200000003,0.548631698
108,Marcus Smart,6,PG,marcus-smart,2014,0.9972631999999999,0.163507826,0.36384558899999997,0.14213199599999998,0.33051459
109,James Young,17,SF,james-young,2014,0.023821786,0.0317,0.310783333,0.359264286,0.298252381
110,Marcus Thornton,45,SG,2-marcus-thornton,2015,-1.202113387,0.000489255,0.021634511000000002,0.389748446,0.588127788
111,Marcus Thornton,45,SG,marcus-thornton,2009,-1.200840893,0.000949911,0.049597252,0.368527606,0.58092523
112,Marcus Thornton,43,SG,2-marcus-thornton,2015,-1.202113387,0.000489255,0.021634511000000002,0.389748446,0.588127788
113,Marcus Thornton,43,SG,marcus-thornton,2009,-1.200840893,0.000949911,0.049597252,0.368527606,0.58092523
114,Terry Rozier,16,PG,terry-rozier,2015,-0.637633814,0.007467100999999999,0.188247503,0.299670223,0.504615174
115,R.J. Hunter,28,SG,rj-hunter,2015,-0.836776877,0.004112703,0.12123949099999999,0.385605421,0.489042385
116,Jordan Mickey,33,PF,jordan-mickey,2015,-0.745960108,0.0014437870000000002,0.144665538,0.37433251799999995,0.47955815799999996
117,Shannon Brown,25,SG,shannon-brown,2006,-0.7130982490000001,0.01003574,0.154995876,0.37829050299999994,0.456677881
118,Daniel Gibson,42,PG,daniel-gibson,2006,-0.457124904,0.010676808000000001,0.250537607,0.30979543600000004,0.428990149
119,J.J. Hickson,19,PF,jj-hickson,2008,-0.215940603,0.010678392,0.236599665,0.414907873,0.33781407
120,Danny Green,46,SF,danny-green,2009,-0.345189056,0.0013501820000000001,0.229178367,0.41868194,0.350789511
121,John Jenkins,23,SG,2-john-jenkins,2012,-0.541753731,0.004348225,0.153131284,0.428610228,0.41391026299999994
122,Mike Scott,43,PF,32-mike-scott,2012,-1.224537277,0.000347862,0.03563054,0.354899663,0.609121935
123,Shane Larkin,18,PG,shane-larkin,2013,-0.411266786,0.005543345,0.271785963,0.258576863,0.46409382899999996
124,James Ennis,50,SF,james-ennis,2013,-1.1769696809999999,0.0,0.036649456000000004,0.378062379,0.5852881639999999
125,Adreian Payne,15,PF,adreian-payne,2014,-0.7613444559999999,0.000407614,0.151041217,0.405494312,0.443056856
126,Aaron Brooks,26,PG,aaron-brooks,2007,-1.002141462,0.000226926,0.11265398800000001,0.34265898100000003,0.544460105
127,Patrick Patterson,14,PF,patrick-patterson,2010,-0.546382504,0.00266597,0.18768717699999998,0.41652859200000003,0.39311826200000005
128,Marcus Morris,14,PF,marcus-morris,2011,-0.59167767,0.00085145,0.168420785,0.439121032,0.391606733
129,Chandler Parsons,38,SF,chandler-parsons,2011,-0.754461481,0.000245607,0.136776761,0.415688375,0.44728925700000005
130,Jeremy Lamb,12,SG,jeremy-lamb,2012,0.076846822,0.016579435,0.30918326100000004,0.388164485,0.286072819
131,Royce White,16,SF,royce-white,2012,-0.193489861,0.0184,0.24375,0.357366667,0.380483333
132,Terrence Jones,18,PF,terrance-jones,2012,0.132519059,0.032260825,0.352716879,0.29811345699999997,0.316908839
133,Isaiah Canaan,34,PG,isaiah-canaan,2013,-0.985065573,0.000127015,0.10931585,0.347792098,0.542765037
134,Nick Johnson,42,SG,7-nick-johnson,2014,-0.972089828,0.0017917929999999999,0.088348209,0.38314203700000005,0.526717961
135,Sam Dekker,18,SF,sam-dekker,2015,0.254164944,0.008691989,0.38500394600000004,0.32905360100000003,0.277250464
136,Montrezl Harrell,32,PF,montrezl-harrell,2015,-0.436183176,0.003904083,0.20032108399999998,0.41158411899999997,0.384190715
137,Travis Diener,38,PG,travis-diener,2005,-1.0727218729999999,0.000571716,0.044487425,0.41190444600000004,0.543036414
138,Andrew Wiggins,1,SG,andrew-wiggins,2014,0.6941047309999999,0.11021666699999999,0.42225,0.11800000000000001,0.34953333299999995
139,Joe Harris,33,SG,joe-harris,2014,-0.999378558,0.0,0.08927027900000001,0.387283671,0.52344605
140,Tyus Jones,24,PG,tyus-jones,2015,0.24354879699999998,0.0272,0.414561905,0.284404762,0.273833333
141,Jonny Flynn,6,PG,jonny-flynn,2009,-0.5203312489999999,0.021986542,0.246032485,0.20837545,0.523605523
142,Ty Lawson,18,PG,ty-lawson,2009,-0.070405635,0.004104395,0.329378505,0.319197921,0.34731917799999995
143,Wayne Ellington,28,SG,wayne-ellington,2009,-0.690986623,0.000197937,0.17423618300000002,0.396519244,0.42904663600000004
144,Nick Calathes,45,PG,nick-calathes,2009,-1.06596363,0.006084119,0.110707166,0.261318585,0.62189013
145,Wesley Johnson,4,SF,wesley-johnson,2010,0.053817174,0.035264234,0.344247533,0.240359755,0.380128478
146,Luke Babbitt,16,SF,luke-babbitt,2010,-0.903508175,0.004230645999999999,0.12544060099999998,0.361933878,0.508394875
147,Trevor Booker,23,PF,trevor-booker,2010,-0.904315062,0.00023820400000000003,0.10772711199999999,0.420084775,0.471949909
148,Derrick Williams,2,PF,3-derrick-williams,2011,1.156263453,0.166002273,0.40636119200000004,0.159771362,0.267865173
149,Robbie Hummel,58,SF,robbie-hummel,2012,-0.8860291220000001,0.000576045,0.109472592,0.379726758,0.510224605
150,Josh Harrellson,45,C,josh-harrellson,2011,-0.799567334,0.000384474,0.11937498,0.41577817799999994,0.46446236799999996
151,Anthony Davis,1,PF,3-anthony-davis,2012,1.4303646909999999,0.10326666699999999,0.5890833329999999,0.076133333,0.23151666699999998
152,Austin Rivers,10,SG,austin-rivers,2012,-0.145823923,0.036233333,0.268866667,0.334097619,0.360802381
153,Darius Miller,46,SF,darius-miller,2012,-0.7624414290000001,0.000140748,0.118434526,0.441771763,0.43965296299999995
154,Nerlens Noel,6,C,nerlens-noel,2013,1.08444878,0.117252381,0.479164286,0.1294,0.27418333300000003
155,Noah Vonleh,9,PF,noah-vonieh,2014,0.88516864,0.099,0.46106666700000004,0.1801,0.259833333
156,Shabazz Napier,24,PG,shabazz-napier,2014,-0.803921841,0.00112918,0.153899813,0.34104462399999996,0.5039263820000001
157,Dwight Powell,45,PF,dwight-powell,2014,-1.437694654,0.0,0.021705207999999997,0.264808597,0.713486196
158,Branden Dawson,56,SF,branden-dawson,2015,-0.94832171,0.000308971,0.09316623800000001,0.39117086100000004,0.51535393
159,Shabazz Muhammad,14,SF,shabazz-muhammad,2013,-0.738454845,0.000666667,0.161033333,0.35631666700000003,0.48198333299999996
160,Gorgui Dieng,21,C,gorgui-dieng,2013,-0.7096794909999999,0.001011468,0.152128445,0.402509868,0.444350219
161,Erick Green,46,PG,erick-green,2013,-1.201441963,0.0,0.032744567999999995,0.38256960100000004,0.584685831
162,Rodney Hood,23,SG,rodney-hood,2014,-0.315093348,0.002403967,0.236255935,0.414664765,0.346675333
163,Jarnell Stokes,35,PF,jarnell-stokes,2014,0.144021715,0.014131988,0.293791082,0.41587172,0.27620521
164,Trey Lyles,12,PF,trey-lyles,2015,0.26750941100000003,0.022385713999999998,0.35132857100000003,0.403052381,0.223233333
165,Olivier Hanlan,42,SG,olivier-hanlan,2015,-0.939601082,0.00022736900000000002,0.058708643,0.482292406,0.458771582
166,Reggie Bullock,25,SG,2-reggie-bullock,2013,-0.363011514,0.000829094,0.213444188,0.42835014899999996,0.357376569
167,Kenny Satterfield,53,PG,kenny-satterfield,2001,-0.452126511,0.023702667,0.257938946,0.241190884,0.477167503
168,Josh Howard,29,SF,josh-howard,2003,-0.255454298,0.0057470030000000005,0.255466755,0.3582248,0.380561442
169,Maurice Ager,28,SG,maurice-ager,2006,-1.130726183,0.00015632799999999998,0.061634747000000004,0.40295857399999996,0.5352503510000001
170,Nick Fazekas,34,PF,nick-fazekas,2007,-1.142440065,0.0,0.055473133,0.378605491,0.565921376
171,Shan Foster,51,SG,shan-foster,2008,-1.20277047,0.0,0.029972987000000003,0.398565125,0.571461888
172,Ahmad Nivins,56,PF,ahmad-nivins,2009,-1.23689697,0.001435249,0.045319125,0.35196905700000003,0.601276569
173,Solomon Alabi,50,C,solomon-alabi,2010,-1.147034834,0.0,0.05791079,0.38311762299999996,0.558971587
174,Jordan Hamilton,26,SF,2-jordan-hamilton,2011,-0.42816448700000004,0.0018628310000000001,0.202777928,0.412339699,0.383019541
175,Tyler Zeller,17,C,tyler-zeller,2012,-0.886482478,0.000952833,0.139317726,0.36551056200000004,0.494218879
176,Darius Johnson-Odom,55,SF,darius-johnson-odom,2012,-1.163017907,0.0,0.045374649,0.397456996,0.557168356
177,Kelly Olynyk,13,PF,kelly-olynyk,2013,-0.57888199,0.008095686,0.157718954,0.436653771,0.39753158899999996
178,Mike Muscala,44,PF,mike-muscala,2013,-1.116139235,0.001540374,0.037592367,0.39736068799999996,0.56350657
179,Justin Anderson,21,SF,justin-anderson,2015,-0.635744631,0.000926066,0.157187056,0.412166931,0.42971994700000005
180,Jamison Brewer,40,PG,jamison-brewer,2001,-0.583902055,0.006037294,0.194627771,0.342142744,0.45719219200000005
181,Jordan Hill,8,PF,jordan-hill,2009,-0.398916517,0.004210538,0.278330378,0.323639538,0.393819546
182,Andy Rautins,38,SG,andy-rautins,2010,-1.094731814,0.0009475180000000001,0.049734265,0.389562709,0.559755509
183,Iman Shumpert,17,PG,iman-shumpert,2011,-0.46618921399999996,0.01167475,0.24424944399999998,0.269154752,0.474921055
184,Miles Plumlee,26,PF,miles-plumlee,2012,-0.7234322,0.000378714,0.154787755,0.39365738,0.45117615
185,Solomon Hill,23,SF,solomon-hill,2013,-1.08797892,0.0,0.05128024,0.39567722899999996,0.553042531
186,Colton Iverson,53,C,colton-iverson,2013,-1.177163018,0.004160936,0.04760835099999999,0.339127856,0.609102857
187,Antoine Wright,15,SG,antoine-wright,2005,-1.1603243559999998,0.0012503710000000001,0.054812432,0.384795509,0.5591416889999999
188,Marcus Williams,22,SF,marcus-williams,2007,-1.036945497,0.001629615,0.08842120099999999,0.393028007,0.516921176
189,Marcus Williams,22,PG,2-5-marcus-williams,2006,-0.581940486,0.006370245,0.21381325399999998,0.309843927,0.469972574
190,Marcus Williams,33,SF,marcus-williams,2007,-1.036945497,0.001629615,0.08842120099999999,0.393028007,0.516921176
191,Marcus Williams,33,PG,2-5-marcus-williams,2006,-0.581940486,0.006370245,0.21381325399999998,0.309843927,0.469972574
192,Josh Boone,23,C,josh-boone,2006,-0.924881748,0.001184168,0.073858516,0.47311223399999996,0.451845082
193,Hassan Adams,54,SG,hassan-adams,2006,-1.016680524,0.003368882,0.06200404,0.421001814,0.513625264
194,Sean Williams,17,C,sean-williams,2007,-0.560511843,0.006712721,0.183916618,0.39678992399999996,0.41258073700000003
195,Marreese Speights,16,C,marreese-speights,2008,-0.515967129,0.014006946000000001,0.153577238,0.442504313,0.389911502
196,Jrue Holiday,17,PG,jrue-holiday,2009,0.66358932,0.10206044,0.453846154,0.14613095199999998,0.297962454
197,Evan Turner,2,SG,evan-turner,2010,0.326732122,0.081517103,0.341627303,0.219071183,0.357784411
198,Chris Wilcox,8,PF,chris-wilcox,2002,-0.33533151699999997,0.005287712,0.18991017300000002,0.51649675,0.288305366
199,Melvin Ely,12,PF,melvin-ely,2002,-1.013735255,0.0,0.08656738,0.41554135,0.49789127
200,Chris Kaman,6,C,chris-kaman,2003,0.406959241,0.05680396099999999,0.29786488899999997,0.374721653,0.270609497
201,Lionel Chalmers,33,PG,lionel-chalmers,2004,-1.395950201,0.0,0.026293055,0.28962562199999997,0.684081323
202,Daniel Ewing,32,PG,daniel-ewing,2005,-1.124261102,0.000794313,0.060149505,0.402948746,0.536107436
203,Paul Davis,34,C,paul-davis,2006,-1.147575938,0.0020964729999999997,0.049802501,0.36806807399999997,0.580032951
204,Guillermo Diaz,52,SG,guillermo-diaz,2006,-1.17029603,0.000656052,0.051492409,0.364697217,0.5831543220000001
205,Al Thornton,14,SF,al-thornton,2007,-1.122221451,0.002371322,0.11275821400000001,0.262559545,0.622310919
206,Jared Jordan,45,PG,jared-jordan,2007,-1.0014171170000001,0.0,0.0504095,0.439857541,0.5097329589999999
207,Eric Gordon,7,SG,23-eric-gordon,2008,0.571408185,0.18197888,0.251469238,0.19072543600000003,0.37582644600000004
208,DeAndre Jordan,35,C,deandre-jordan,2008,0.17545655699999999,0.021919771,0.365186246,0.36750238799999996,0.245391595
209,Andre Hutson,51,PF,andre-hutson,2001,-0.634848619,0.0,0.201157623,0.368060801,0.430781577
210,Marcus Haislip,13,PF,marcus-haislip,2002,-1.0286878640000001,0.000351613,0.08152205400000001,0.399984975,0.518141359
211,Dan Gadzuric,33,C,dan-gadzuric,2002,-0.175241184,0.0030394659999999998,0.395635245,0.25684912,0.344476169
212,Chris Owens,47,PF,chris-owens,2002,-1.475125115,0.00014254600000000001,0.017604544,0.257042074,0.7252108359999999
213,T.J. Ford,8,PG,tj-ford,2003,-0.258074184,0.020962065,0.331649364,0.15633336,0.49105521
214,Keith Bogans,43,SG,keith-bogans,2003,-0.983593773,0.000161494,0.09769401400000001,0.403392735,0.498751756
215,Devin Harris,5,PG,devin-harris,2004,0.149206274,0.056696365,0.337913676,0.198119145,0.407270814
216,Nick Young,16,SG,nick-young,2007,-1.127632903,0.0013759570000000001,0.063868301,0.378346412,0.55640933
217,Dominic McGuire,47,SF,dominic-mcguire,2007,-1.063704576,0.000356641,0.05666692,0.408822862,0.534153576
218,JaVale McGee,18,C,javale-mcgee,2008,-0.808564185,0.00324924,0.129806799,0.403048654,0.463895306
219,Bill Walker,47,SF,bill-walker,2008,-0.775438915,0.007277987,0.130949944,0.38594860299999995,0.47582346600000003
220,Jermaine Taylor,32,SG,jermaine-taylor,2009,-1.289605058,0.000273791,0.020647379,0.37665605799999996,0.602422772
221,John Wall,1,PG,john-wall,2010,0.13772393,0.071680217,0.328184282,0.09961607900000001,0.500519422
222,Lazar Hayward,30,SF,lazar-hayward,2010,-1.199316103,0.001583466,0.040025541,0.380713166,0.577677827
223,Chris Singleton,18,SF,chris-singleton,2011,-0.6921536629999999,0.004260992,0.157669833,0.35853563299999996,0.47953354200000003
224,Shelvin Mack,34,PG,shelvin-mack,2011,-0.819890433,0.006822798000000001,0.11918791599999999,0.36106703700000004,0.5129222489999999
225,Bradley Beal,3,SG,bradley-beal,2012,1.012450112,0.13346666699999998,0.491516667,0.137333333,0.237683333
226,Otto Porter,3,SF,otto-porter,2013,1.0327470109999999,0.11176473,0.49968136700000004,0.127524591,0.261029313
227,Nate Wolters,38,PG,nate-wolters,2013,-1.100889746,0.000166948,0.039029324,0.408349811,0.552453917
228,Arsalan Kazemi,54,PF,arsalan-kazemi,2013,-1.113387768,0.000761458,0.05234262,0.371871609,0.575024313
229,Jordan Clarkson,46,PG,jordan-clarkson,2014,-1.0891029079999999,0.00038770199999999997,0.068988557,0.384239805,0.546383936
230,Jerian Grant,19,PG,jerian-grant,2015,-0.869777062,0.001169979,0.130352495,0.345982451,0.522495076
231,Aaron White,49,PF,5-aaron-white,2015,-1.044431359,0.000858212,0.090374546,0.35878840700000003,0.549978835
232,Trey Burke,9,PG,trey-burke,2013,-0.22909436600000002,0.038073802999999996,0.288109133,0.181635808,0.492181256
233,Andre Roberson,26,SF,andre-roberson,2013,-0.752286275,0.003681298,0.1204483,0.396024692,0.479845709
234,Lorenzo Brown,52,PG,2-lorenzo-brown,2013,-1.127627385,0.0007427,0.050603228,0.365403135,0.5832509370000001
235,Zach LaVine,13,PG,zach-lavine,2014,-0.04600119,0.032766667,0.2868,0.39793333299999994,0.2825
236,Glenn Robinson III,40,SF,glenn-robinson-iii,2014,-0.005355215,0.006183208000000001,0.28136358300000003,0.404918844,0.307534365
237,Markel Brown,44,SG,markel-brown,2014,-1.261974277,0.0,0.043132515,0.331316868,0.625550617
238,Karl-Anthony Towns,1,C,karl-anthony-towns,2015,1.030605703,0.13476666699999998,0.42718333299999994,0.163083333,0.274966667
239,Rakeem Christmas,36,PF,rakeem-christmas,2015,-1.037407078,0.000103674,0.074800607,0.39935904899999997,0.52573667
240,James Johnson,16,PF,23-james-johnson,2009,-1.111034254,0.0,0.086329204,0.32709972800000003,0.586571069
241,Taj Gibson,26,PF,taj-gibson,2009,-1.191729732,0.0,0.06286482,0.351510874,0.585624306
242,Norris Cole,28,PG,norris-cole,2011,-0.9969489440000001,0.000587117,0.09551048300000001,0.35376735299999995,0.550135047
243,Jimmy Butler,30,SF,jimmy-butler,2011,-0.501786171,0.000923541,0.19247870600000003,0.42358090200000004,0.383016851
244,Malcolm Lee,43,PG,malcolm-lee,2011,-0.870000518,0.001365954,0.119370669,0.364100296,0.515163082
245,Marquis Teague,29,PG,marquis-teague,2012,-0.050632849,0.030233332999999998,0.319166667,0.29125,0.35935
246,Tony Snell,20,SF,tony-snell,2013,-0.565298098,0.0012103460000000002,0.16980830800000002,0.41973858700000005,0.409242759
247,Erik Murphy,49,PF,erik-murphy,2013,-0.74513942,0.001054612,0.131158196,0.419842755,0.44794443700000003
248,Gary Harris,19,SG,gary-harris,2014,0.298824269,0.068668118,0.334410402,0.310628849,0.286292631
249,Bobby Portis,22,PF,bobby-portis,2015,-0.314574233,0.003141375,0.253027047,0.386533364,0.357298214
250,Gilbert Arenas,30,SG,gilbert-arenas,2001,0.433602024,0.11528585,0.357893732,0.181120909,0.34569950899999996
251,Jason Richardson,5,SF,jason-richardson,2001,0.575466015,0.052757884000000005,0.46424311799999995,0.215354424,0.26764457399999997
252,Troy Murphy,14,PF,troy-murphy,2001,-0.563354789,0.003931785,0.211108381,0.374920241,0.410039593
253,Steve Logan,29,PG,steve-logan,2002,-0.859283846,0.0030916840000000004,0.135179186,0.357817334,0.503911796
254,Derrick Zimmerman,40,PG,derrick-zimmerman,2003,-1.2066774390000001,0.000852833,0.050573831,0.334196631,0.614376705
255,Gerald Wallace,25,SF,gerald-wallace,2001,-0.616816374,0.010167131,0.177158774,0.371309192,0.441364903
256,Dan Dickau,28,PG,dan-dickau,2002,0.156377379,0.038046878,0.32550369100000004,0.283061767,0.353387665
257,Kevin Martin,26,SG,32-kevin-martin,2004,-0.7610686259999999,0.008435640999999999,0.130982457,0.40804331200000005,0.45253859
258,Ricky Minard,48,SG,ricky-minard,2004,-1.115284045,0.002424581,0.042423064,0.40900476799999996,0.546147588
259,Francisco Garcia,23,SG,francisco-garcia,2005,-0.7435396609999999,0.001918359,0.11556186800000001,0.447785793,0.43473398
260,Quincy Douby,19,SG,quincy-douby,2006,-1.233756825,0.001640896,0.029929447,0.384203285,0.584226372
261,Spencer Hawes,10,C,spencer-hawes,2007,0.001760075,0.014423923,0.330386983,0.412181179,0.24300791600000002
262,Sean Singletary,42,PG,sean-singletary,2008,-1.4488087219999999,0.0,0.021486277,0.268218792,0.710294932
263,Tyreke Evans,4,PG,tyreke-evans,2009,1.2649065590000002,0.17422222199999998,0.460266667,0.104355556,0.261155556
264,Jeff Pendergraph,31,PF,jeff-pendergraph,2009,-1.311856438,0.000524091,0.042853527999999995,0.30343505,0.653187331
265,DeMarcus Cousins,5,C,demarcus-cousins,2010,0.46218235399999996,0.10528233199999999,0.32757286,0.21748633899999997,0.34965847
266,Hassan Whiteside,33,C,tyler-whiteside,2010,-0.757116239,0.002264493,0.154486931,0.366346403,0.476902174
267,Tyler Honeycutt,35,SF,tyler-honeycutt,2011,-0.370330712,0.004690562,0.229489888,0.351831823,0.41398772799999994
268,Isaiah Thomas,60,PG,2-isaiah-thomas,2011,-1.089808133,0.002082395,0.05156641,0.38965124100000004,0.556699955
269,Thomas Robinson,5,PF,thomas-robinson,2012,0.624179856,0.11430445300000001,0.369209632,0.202871382,0.31361453300000003
270,Orlando Johnson,36,SG,orlando-johnson,2012,-1.210253966,0.000384054,0.031609322,0.374019444,0.59398718
271,Michael Bradley,17,PF,michael-bradley,2001,-0.9108754370000001,0.000397967,0.11191988300000001,0.381899813,0.5057823370000001
272,Kareem Rush,20,SG,kareem-rush,2002,-0.999241143,0.002823992,0.047014333,0.475962211,0.47419946399999996
273,Chris Bosh,4,PF,chris-bosh,2003,0.279740382,0.048972003,0.40638670200000004,0.218000875,0.32664042
274,John Salmons,26,SG,john-salmons,2002,-0.841032586,0.00023160099999999998,0.10313981900000001,0.417177741,0.47945084
275,Randy Holcomb,56,SF,randy-holcomb,2002,-1.553920803,0.0,0.004260368,0.24240426699999998,0.753335366
276,Trevor Ariza,43,SF,trevor-ariza,2004,0.103467957,0.037616387,0.325232775,0.339688082,0.297462756
277,David Lee,30,PF,david-lee,2005,-0.283373496,0.006339022,0.295078413,0.337241606,0.36134095899999996
278,Channing Frye,8,C,channing-frye,2005,-0.39815340899999996,0.007390003000000001,0.301804693,0.294953135,0.39585216799999995
279,Dijon Thompson,54,SF,dijon-thompson,2005,-1.298658105,0.000654431,0.026089201,0.350200621,0.623055747
280,Renaldo Balkman,20,SF,renaldo-balkman,2006,-0.8381388559999999,0.0026567440000000004,0.111817105,0.38767753,0.497848622
281,Mardy Collins,29,PG,mardy-collins,2006,-1.31052618,0.000682911,0.028480342999999998,0.324515133,0.646321614
282,Wilson Chandler,23,SF,wilson-chandler,2007,-0.379371445,0.01280846,0.231717946,0.361419076,0.39405451799999996
283,Jamaal Franklin,41,SG,jamaal-franklin,2013,-0.868364956,0.003013166,0.10737144900000001,0.384940465,0.5046749189999999
284,Hilton Armstrong,12,C,hilton-armstrong,2006,-0.7999606109999999,0.002485121,0.104489141,0.464946189,0.428079549
285,Cedric Simmons,15,PF,cedric-simmons,2006,-0.637550356,0.009219395,0.160887594,0.402180693,0.427712319
286,Julian Wright,13,SF,julian-wright,2007,0.070925932,0.020599201,0.347806889,0.328754671,0.302839239
287,Adam Haluska,43,SG,adam-haluska,2007,-1.20706148,0.0,0.022658589,0.40247889,0.574862521
288,Darrell Arthur,27,PF,darrell-arthur,2008,-0.295700055,0.007831243,0.204242438,0.47990733799999996,0.308018981
289,Darren Collison,21,PG,darren-collison,2009,-0.381706706,0.00370847,0.285404075,0.287554533,0.42333292200000006
290,Cole Aldrich,11,C,cole-aldrich,2010,-0.37316851799999995,0.01524035,0.230046783,0.391296506,0.363416361
291,Spencer Dinwiddie,38,PG,spencer-dinwiddie,2014,-0.65617692,0.006796893000000001,0.143349483,0.395656986,0.454196638
292,Stanley Johnson,8,SF,stanley-johnson,2015,0.679493305,0.0678,0.423733333,0.2785,0.22996666699999999
293,Darrun Hilliard,38,SG,darrun-hilliard,2015,-0.997597057,0.001336934,0.058581954000000006,0.430904831,0.509176281
294,Trenton Hassell,29,SG,trenton-hassell,2001,-0.6204559629999999,0.008701715,0.10124200300000001,0.530489505,0.35956677600000003
295,Sean Lampley,44,SF,sean-lampley,2001,-1.37991231,0.000797273,0.018403013,0.30888154100000004,0.671918173
296,Drew Gooden,4,PF,drew-gooden,2002,-0.13400146300000002,0.011716237,0.264164134,0.449322072,0.27479755699999997
297,Robert Archibald,31,C,robert-archibald,2002,-0.634407055,0.0010126360000000001,0.17680380199999998,0.42771117700000005,0.394472385
298,Matt Barnes,45,SF,matt-barnes,2002,-1.184536436,0.000308673,0.045388555,0.363262994,0.591039778
299,Marcus Banks,13,PG,marcus-banks,2003,-1.068775016,0.004529414,0.07775272700000001,0.341913905,0.575803954
300,Hakim Warrick,19,PF,hakim-warrick,2005,-1.226390383,0.0,0.051903454,0.350428112,0.597668434
301,Kyle Lowry,24,PG,kyle-lowry,2006,0.329211101,0.049197722,0.383973635,0.232291565,0.334537078
302,Brendan Haywood,20,C,brendan-haywood,2001,-0.26256901,0.002559091,0.34058426,0.30760863899999996,0.34924801
303,Jeff Trepagnier,35,SG,jeff-trepagnier,2001,-0.911776282,0.0037267240000000003,0.097089652,0.38086579299999995,0.5183178310000001
304,Carlos Boozer,34,PF,carlos-boozer,2002,-0.037230897,0.009522095,0.257347405,0.431509861,0.301620638
305,Dajuan Wagner,6,PG,dajuan-wagner,2002,-0.581703524,0.022788204,0.18802502199999999,0.339052726,0.45013404799999995
306,Jason Kapono,31,SF,jason-kapono,2003,-0.897271442,0.000487901,0.08287692299999999,0.46968524100000003,0.446949935
307,Luke Jackson,10,SG,luke-jackson,2004,-1.04985346,0.000816149,0.05863901,0.44363981799999996,0.49690502299999995
308,Rodney White,9,PF,rodney-white,2001,-0.56076375,0.006447368,0.19864035100000002,0.382697368,0.41221491200000004
309,Tayshaun Prince,23,SF,tayshaun-prince,2002,-0.667213928,0.0,0.154087309,0.418328518,0.42758417299999996
310,Rickey Paulding,54,SG,rickey-paulding,2004,-0.939643055,0.000229647,0.043443155,0.532153902,0.42417329600000003
311,Jason Maxiell,26,PF,jason-maxiell,2005,-0.945374842,0.0013618970000000002,0.112041506,0.38774742799999995,0.498849169
312,Alex Acker,60,SG,alex-acker,2005,-1.336590807,0.0,0.016480746,0.35724426,0.626274995
313,Will Blalock,60,PG,will-blalock,2006,-1.061063412,0.0,0.11937170400000001,0.295854051,0.584774245
314,Rodney Stuckey,15,SG,rodney-stuckey,2007,0.10214322099999999,0.09202755,0.27080736699999997,0.217030878,0.420134204
315,Arron Afflalo,27,SG,arron-afflalo,2007,-0.9890012890000001,0.002536551,0.08776656099999999,0.407585638,0.50211125
316,Sammy Mejia,57,SG,sammy-mejia,2007,-1.341460216,0.000689575,0.013929536000000001,0.349743728,0.635637161
317,D.J. White,29,PF,dj-white,2008,-1.26138559,0.000310542,0.047855395999999994,0.33616557399999997,0.615668488
318,Austin Daye,15,SF,austin-daye,2009,-0.470333125,0.005857538000000001,0.21079531199999998,0.388338833,0.39500831799999997
319,DaJuan Summers,35,SF,dajuan-summers,2009,-0.92735566,0.0020478420000000002,0.100426066,0.383383834,0.514142258
320,Chase Budinger,44,SG,chase-budinger,2009,-0.563281795,0.007476186,0.16317421,0.44482512700000004,0.38452447700000003
321,Greg Monroe,7,PF,greg-monroe,2010,0.571021611,0.091961464,0.36988033600000003,0.19067621,0.34748199
322,Terrico White,36,SG,terrico-white,2010,-0.9047508759999999,0.006341451999999999,0.10323013800000001,0.366591555,0.523836855
323,Brandon Knight,8,PG,brandon-knight,2011,0.109980109,0.066616667,0.35598333299999996,0.146183333,0.43121666700000005
324,Kyle Singler,33,SF,kyle-singler,2011,-0.50449569,0.0,0.211761392,0.40733887399999996,0.38089973299999996
325,Vernon Macklin,52,PF,vernon-macklin,2011,-1.046292963,0.0,0.041192103,0.447468808,0.511339089
326,Andre Drummond,9,C,andre-drummond,2012,0.469727567,0.0545,0.47435,0.1908,0.28035
327,Khris Middleton,39,SF,khris-middleton,2012,-0.693277282,0.005368606,0.149152826,0.362379085,0.483099483
328,Kim English,44,SG,kim-english,2012,-0.9321289540000001,0.00111017,0.093542425,0.407447096,0.497900309
329,Kentavious Caldwell-Pope,8,SG,kentavious-caldwell-pope,2013,0.003458325,0.031397588,0.321592229,0.26289096100000003,0.38411922200000004
330,Tony Mitchell,37,PF,4-tony-mitchell,2013,-0.64137677,0.00759297,0.16791259600000003,0.350991271,0.47350316299999995
331,Tony Mitchell,37,SG,3-tony-mitchell,2012,-1.233579669,0.0,0.050808795999999996,0.312011807,0.637179397
332,Peyton Siva,56,PG,peyton-siva,2013,-0.9398278720000001,0.001761086,0.09090120900000001,0.373051655,0.53428605
333,Jeryl Sasser,22,PG,jeryl-sasser,2001,-0.915547953,0.001557977,0.05681051,0.52849968,0.41313183299999995
334,Omar Cook,31,PG,omar-cook,2001,0.747656987,0.150111111,0.403133333,0.115622222,0.33113333300000003
335,Curtis Borchardt,18,C,curtis-borchardt,2002,-0.496841563,0.018298432,0.19682940899999998,0.39337306299999997,0.391499096
336,Reece Gaines,15,SF,reece-gaines,2003,-1.230498468,0.000601144,0.047512055,0.35007353,0.601813272
337,Joe Alexander,8,SF,joe-alexander,2008,-0.9443807009999999,0.002319691,0.076967295,0.443911855,0.476801159
338,Jodie Meeks,41,SG,jodie-meeks,2009,-1.126367342,0.00047073199999999996,0.035030749,0.43404324899999996,0.53045527
339,Larry Sanders,15,PF,larry-sanders,2010,-1.0997028629999999,0.0010096839999999998,0.067939129,0.356189876,0.574861312
340,Darington Hobson,37,SF,2-darington-hobson,2010,-1.186124613,0.004166667,0.036754386,0.381425439,0.577653509
341,Jerome Jordan,44,C,jerome-jordan,2010,-1.501729544,0.0,0.019790108,0.245241844,0.734968049
342,Tiny Gallon,47,PF,tiny-gallon,2010,0.197575781,0.023218997,0.31477572600000003,0.395866315,0.266138962
343,Jimmer Fredette,10,PG,jimmer-fredette,2011,-0.516017396,0.01183467,0.20399570600000003,0.34322967200000004,0.440939951
344,Jon Leuer,40,PF,jon-leuer,2011,-0.779539187,0.002749519,0.154882974,0.352244669,0.49012283799999995
345,John Henson,14,PF,john-henson,2012,0.01894437,0.020747365,0.365186479,0.289436373,0.324629784
346,Doron Lamb,42,SG,doron-lamb,2012,-0.281442474,0.004280402,0.208319497,0.43963680899999996,0.34776329100000003
347,Jabari Parker,2,SF,jabari-parker,2014,0.514308936,0.0885,0.405,0.152666667,0.35383333299999997
348,Lamar Patterson,48,SF,lamar-patterson,2014,-0.7650334529999999,0.00068699,0.11915724400000001,0.434200801,0.445954965
349,Rashad Vaughn,17,SG,rashad-vaughn,2015,-0.342326069,0.020666667,0.242333333,0.3678,0.3692
350,Norman Powell,46,SG,norman-powell,2015,-1.189678464,0.0,0.03610954,0.38697547,0.5769149889999999
351,Linas Kleiza,27,SF,linas-kleiza,2005,-0.7695207359999999,0.007114015,0.12202488800000001,0.389637753,0.48122334299999997
352,Kirk Hinrich,7,SG,kirk-hinrich,2003,0.287812744,0.026017405,0.38796318399999996,0.268980868,0.317038542
353,Mario Austin,36,PF,mario-austin,2003,-1.138083824,0.003576595,0.070979345,0.312557384,0.612886677
354,Matt Bonner,45,SF,matt-bonner,2003,-0.8010746470000001,0.0,0.152582938,0.386936386,0.46048067600000003
355,Tommy Smith,53,PF,tommy-smith,2003,-1.2379451940000001,0.0,0.028701822000000002,0.365204585,0.606093593
356,Ben Gordon,3,PG,ben-gordon,2004,-0.253453394,0.053320868,0.23996105899999998,0.23228011399999998,0.47443795899999996
357,Jackson Vroman,31,C,jackson-vroman,2004,-1.438614905,0.0,0.025703336,0.262259775,0.71203689
358,Chris Duhon,38,PG,chris-duhon,2004,-0.604735406,0.000348405,0.199599849,0.353676337,0.446375409
359,LaMarcus Aldridge,2,PF,lamarcus-aldridge,2006,0.658653714,0.101638437,0.42557547799999995,0.17027758699999998,0.302508499
360,Rodney Carney,16,SF,rodney-carney,2006,-1.023898826,0.00041612699999999997,0.083631202,0.384290607,0.5316620639999999
361,Joakim Noah,9,PF,joakim-noah,2007,0.422872969,0.079411998,0.38755126100000004,0.197950034,0.335086707
362,Aaron Gray,49,C,aaron-gray,2007,-0.9881177520000001,0.003082401,0.07719775799999999,0.414327094,0.505392747
363,JamesOn Curry,51,SG,jameson-curry,2007,-1.091330806,0.0009741,0.06307537099999999,0.393008873,0.5429416570000001
364,Derrick Rose,1,PG,derrick-rose,2008,0.370977534,0.11700980400000001,0.307279412,0.160294118,0.415416667
365,Sonny Weems,39,SG,sonny-weems,2008,-1.284670711,0.0003511,0.037380132,0.337716135,0.6245526339999999
366,Antonio Burks,36,PG,41-antonio-burks,2004,-1.3086673659999999,0.0,0.030941188999999997,0.331444079,0.637614731
367,Loren Woods,45,C,loren-woods,2001,-0.558808195,0.002237786,0.19788180800000002,0.42334759,0.376532815
368,Rick Rickert,55,PF,rick-rickert,2003,-1.204812873,0.001220299,0.074923188,0.313490187,0.6103663260000001
369,Blake Stepp,58,PG,blake-stepp,2004,-1.021688588,0.001490345,0.056836318,0.427146862,0.514526475
370,Rashad McCants,14,SG,rashad-mccants,2005,-0.416804664,0.016141689,0.206559706,0.386430919,0.390867686
371,Bracey Wright,47,SG,bracey-wright,2005,-0.7629185140000001,0.0028869909999999998,0.10264070800000001,0.455346533,0.43912576799999997
372,Brandon Roy,6,SG,brandon-roy,2006,0.286436152,0.079167494,0.36880191799999995,0.20712070300000002,0.344909885
373,Bobby Jones,37,SF,bobby-jones,2006,-1.252051567,0.000385708,0.029009357000000003,0.38339808299999995,0.587206851
374,Craig Smith,36,PF,craig-smith,2006,-1.037524885,0.000227113,0.088244221,0.366627129,0.544901537
375,Corey Brewer,7,SG,corey-brewer,2007,0.030124876000000002,0.034446562,0.268219041,0.382653147,0.31468125
376,Chris Richard,41,C,chris-richard,2007,-1.137437383,0.000914445,0.051526787000000004,0.395376057,0.552182711
377,O.J. Mayo,3,SG,oj-mayo,2008,-0.26733938,0.072511416,0.226917808,0.212054795,0.488515982
378,Mario Chalmers,34,PG,mario-chalmers,2008,-0.577428749,0.0114728,0.200073055,0.331394101,0.457060044
379,Jarron Collins,52,C,jarron-collins,2001,-0.55741861,0.001210689,0.22357217199999999,0.390359791,0.38485734899999996
380,Ryan Humphrey,19,PF,ryan-humphrey,2002,-1.398357483,0.001306259,0.031400613,0.277781353,0.6895117759999999
381,Jamal Sampson,46,C,jamal-sampson,2002,-0.340641405,0.009090909,0.256847698,0.37878132,0.355280073
382,Kris Humphries,14,PF,kris-humphries,2004,-0.013477227,0.010483871,0.283237327,0.457734895,0.24854390699999998
383,Kirk Snyder,16,SG,kirk-snyder,2004,-0.601875773,0.005347445,0.142658282,0.446837054,0.40515721899999996
384,Deron Williams,3,PG,deron-williams,2005,0.43594269399999996,0.068499308,0.401545283,0.173836541,0.356118868
385,Robert Whaley,51,C,robert-whaley,2005,-1.065041362,0.000533333,0.054266667000000005,0.42404444399999996,0.521155556
386,Dee Brown,46,PG,dee-brown,2006,-1.009604074,0.000579799,0.104696193,0.34227821799999997,0.552445791
387,Ronnie Brewer,14,SG,ronnie-brewer,2006,0.4266451,0.08904323900000001,0.356336544,0.165396502,0.389223715
388,Paul Millsap,47,PF,paul-millsap,2006,-0.03897581,0.006100948,0.31509892300000003,0.326262406,0.35253772299999997
389,Morris Almond,25,SG,morris-almond,2007,-1.200478712,0.002363498,0.029448476,0.385681847,0.582506179
390,Herbert Hill,55,PF,herbert-hill,2007,-1.3033180009999998,0.0,0.038268486000000004,0.330349186,0.6313823270000001
391,Kosta Koufos,23,C,kosta-koufos,2008,-0.353931926,0.00433145,0.208757062,0.45612052700000005,0.33079096
392,Eric Maynor,20,PG,eric-maynor,2009,-0.733756748,0.006645888000000001,0.184251275,0.290184827,0.51891801
393,Goran Suton,50,C,goran-suton,2009,-1.125833707,0.000443708,0.066697109,0.366315699,0.566543483
394,Gordon Hayward,9,SF,gordon-hayward,2010,0.72594309,0.094128564,0.43240109200000004,0.175132438,0.298337907
395,Jeremy Evans,55,SF,jeremy-evans,2010,-1.111428694,0.0,0.050158747000000004,0.39729652600000004,0.552544727
396,Alec Burks,12,SG,alec-burks,2011,-0.062542276,0.037322606,0.26609705699999997,0.34871020700000005,0.34787013
397,Kevin Murphy,47,SF,2-kevin-murphy,2012,-1.271355995,0.0,0.026670568999999998,0.366993082,0.606336349
398,Greg Oden,1,C,greg-oden,2007,0.8226077279999999,0.126145553,0.38251829,0.16426967,0.327066487
399,Josh McRoberts,37,PF,josh-mcroberts,2007,-0.586086222,0.004396267,0.174482602,0.401204839,0.419916292
400,Derrick Byars,42,SF,derrick-byars,2007,-1.221014622,0.0,0.036271297,0.377515503,0.586213199
401,Taurean Green,52,PG,taurean-green,2007,-0.6387245979999999,0.005701675,0.17684891600000002,0.35387836200000006,0.463571048
402,Demetris Nichols,53,SF,demetris-nichols,2007,-1.193795757,0.000357952,0.037778369,0.380294105,0.581569575
403,Brandon Rush,13,SG,brandon-rush,2008,-0.477081716,0.0028764259999999996,0.17683283600000002,0.458819326,0.36147141299999996
404,Joey Dorsey,33,PF,joey-dorsey,2008,-0.892621592,0.0008426039999999999,0.07571317400000001,0.44432087299999995,0.47912334799999995
405,Mike Taylor,55,PG,mike-taylor,2008,-0.9437862220000001,0.0,0.080278527,0.39384546299999995,0.525876011
406,Dante Cunningham,33,PF,dante-cunningham,2009,-1.1656094190000001,0.000479618,0.037291431,0.40231170299999996,0.559917248
407,Jon Brockman,38,PF,jon-brockman,2009,-1.060147498,0.000823025,0.062209875,0.400535309,0.53643179
408,Patrick Mills,55,PG,patrick-mills,2009,-1.046642294,0.002622341,0.11131412,0.295145797,0.590917743
409,Elliot Williams,22,SG,elliot-williams,2010,-0.895236058,0.006140385999999999,0.115528589,0.367824136,0.51050689
410,Armon Johnson,34,PG,armon-johnson,2010,-1.203256753,0.000584224,0.047609862,0.35893359399999997,0.592872321
411,Frank Williams,25,PG,frank-williams,2002,-1.229498459,0.001889565,0.056416004000000006,0.317025169,0.6246692629999999
412,Vincent Yarbrough,32,SF,vincent-yarbrough,2002,-1.011436029,0.005233154,0.074515286,0.386031405,0.5342201560000001
413,Carmelo Anthony,3,SF,carmelo-anthony,2003,0.364009849,0.077252843,0.414720035,0.12338145199999999,0.38464566899999997
414,Jameer Nelson,20,PG,jameer-nelson,2004,-0.464669978,0.007934699,0.252683799,0.269949595,0.46943190700000004
415,Julius Hodge,20,SG,julius-hodge,2005,-1.048042665,0.004732534,0.049506594,0.42384204,0.521918831
416,Jarrett Jack,22,PG,jarrett-jack,2005,-0.886282158,0.0019251370000000002,0.156885336,0.287860218,0.55332931
417,Leon Powe,49,PF,leon-powe,2006,-0.97880805,0.001077039,0.08933676,0.39336923700000004,0.516216963
418,Brook Lopez,10,C,brook-lopez,2008,0.277650471,0.080688429,0.31131828100000003,0.257076023,0.350917266
419,Ryan Anderson,21,PF,ryan-anderson,2008,-0.14599499,0.010848848000000001,0.2701932,0.395168925,0.32378902800000003
420,Chris Douglas-Roberts,40,SG,chris-douglas-roberts,2008,-1.037290462,0.0026095529999999997,0.073049005,0.41502612,0.5093153220000001
421,Terrence Williams,11,SG,terrence-williams,2009,-0.817641528,0.003468635,0.13362796400000002,0.37290472,0.489998682
422,Markieff Morris,13,PF,markieff-morris,2011,-0.522158069,0.004485966,0.166648312,0.470599272,0.35826645
423,Kendall Marshall,13,PG,kendall-marshall,2012,-0.545690813,0.001415434,0.208683597,0.33463658,0.45526438799999996
424,David Harrison,29,C,david-harrison,2004,-1.211165707,0.00017036299999999998,0.076917737,0.321102237,0.6018096629999999
425,Rashad Wright,59,PG,rashad-wright,2004,-1.23156559,0.000156964,0.059531707999999996,0.321470349,0.618840979
426,Danny Granger,17,SF,danny-granger,2005,0.21001805399999998,0.065360607,0.31451764,0.245216653,0.37490509899999996
427,Erazem Lorbek,46,PF,erazem-lorbek,2005,-1.083814826,0.001388889,0.075185185,0.363101852,0.560324074
428,Shawne Williams,17,SF,shawne-williams,2006,-0.6879875670000001,0.001300578,0.191979769,0.344653179,0.462066474
429,Alexander Johnson,45,PF,alexander-johnson,2006,-1.3108454920000001,0.00034264800000000003,0.025417757000000003,0.33552235,0.638717245
430,Jerryd Bayless,11,PG,jerryd-bayless,2008,-0.19704033199999998,0.046471860999999996,0.278917749,0.254978355,0.419632035
431,Tyler Hansbrough,13,PF,tyler-hansbrough,2009,-0.7912413220000001,0.004337323,0.171382862,0.34910380700000004,0.475176008
432,A.J. Price,52,PG,aj-price,2009,-1.011308838,0.000326679,0.08281111099999999,0.395774522,0.5210876870000001
433,Paul George,10,SF,paul-george,2010,0.37799331700000005,0.083181436,0.35406194,0.18964744600000003,0.373109178
434,Lance Stephenson,40,SG,lance-stephenson,2010,-0.502307394,0.023822256,0.19131016,0.346298065,0.43856951899999996
435,Kawhi Leonard,15,SF,kawhi-leonard,2011,0.358445678,0.073842145,0.394673473,0.17795316,0.35353122299999995
436,Myles Turner,11,PF,2-myles-turner,2015,0.076381303,0.029416667,0.335797619,0.318516667,0.316269048
437,Joseph Young,43,SG,joseph-young,2015,-1.138828781,8.03961e-05,0.04891635,0.394276343,0.55672691
438,Andrew Bogut,1,C,andrew-bogut,2005,0.292890937,0.071469166,0.320787449,0.237761143,0.369982242
439,Ramon Sessions,56,PG,ramon-sessions,2007,-0.896731202,0.000494475,0.139291981,0.322416324,0.53779722
440,Stephen Curry,7,PG,stephen-curry,2009,0.152117249,0.082506676,0.297707412,0.187768291,0.43201762
441,Ekpe Udoh,6,PF,ekpe-udoh,2010,-0.692344897,0.003001657,0.149671534,0.414818956,0.43250785399999997
442,Klay Thompson,11,SG,klay-thompson,2011,-0.410841192,0.011865495,0.18193394100000002,0.424087255,0.382113309
443,Charles Jenkins,44,PG,charles-jenkins,2011,-1.244158579,0.0,0.029552812999999997,0.357113019,0.613334168
444,Kenneth Faried,22,PF,kenneth-faried,2011,-0.077723641,0.009734162,0.30010719199999997,0.337342317,0.352816329
445,Quincy Miller,38,SF,quincy-miller,2012,-0.36786030700000005,0.0082,0.23226666699999998,0.3737,0.38583333299999995
446,DeAndre Daniels,37,SF,deandre-daniels,2014,-1.271549283,0.0,0.052553569,0.297930547,0.6495158839999999
447,Xavier Thames,59,PG,xavier-thames,2014,-1.268289325,0.0,0.033606909,0.33699165600000003,0.629401435
448,Delon Wright,20,PG,delon-wright,2015,-0.666006064,0.0026507040000000003,0.169565987,0.35993691299999997,0.467846395
449,Jared Jeffries,11,SF,jared-jeffries,2002,-0.307211921,0.031251419,0.248835821,0.2652862,0.45462656
450,Juan Dixon,17,PG,juan-dixon,2002,-0.009243731,0.026276166,0.236971839,0.45914163799999996,0.277610357
451,Rod Grizzard,38,SG,rod-grizzard,2002,-1.306664779,0.0,0.021071807999999997,0.36809364,0.610834552
452,Rajon Rondo,21,PG,rajon-rondo,2006,0.8948348709999999,0.122587515,0.43248579,0.141469393,0.303457302
453,Blake Griffin,1,PF,blake-griffin,2009,0.964879632,0.138169197,0.371409383,0.171447569,0.31897385100000003
454,Chris Jefferies,27,SF,chris-jefferies,2002,-1.064138792,0.000524222,0.070607835,0.396836691,0.532031252
455,Brian Cook,24,PF,brian-cook,2003,-0.809840355,0.001997253,0.124695914,0.426679076,0.446627757
456,Luke Walton,32,SF,luke-walton,2003,-0.669809945,0.000509125,0.12298005,0.460500535,0.41601029
457,Marcus Douthit,56,PF,marcus-douthit,2004,-1.188482284,0.000138124,0.024700122999999997,0.39094351200000005,0.584218241
458,Ronny Turiaf,37,PF,ronny-turiaf,2005,-1.144349151,0.00016795900000000002,0.058691517,0.37707059,0.5640699339999999
459,Von Wafer,39,SG,von-wafer,2005,-0.470227777,0.027388715,0.20141289199999998,0.364712756,0.406485637
460,Jordan Farmar,26,PG,jordan-farmar,2006,-0.50403332,0.045649987,0.224285388,0.228155188,0.501909437
461,Javaris Crittenton,19,PG,javaris-crittenton,2007,-0.15155286099999998,0.046666667,0.30097435899999997,0.262564103,0.389794872
462,Joe Crawford,58,SG,joe-crawford,2008,-1.037005378,0.0,0.026220088,0.503200778,0.470579134
463,Toney Douglas,29,SG,toney-douglas,2009,-1.135763383,0.000376679,0.09324840599999999,0.317836893,0.588538023
464,Patrick Beverley,42,PG,patrick-beverley,2009,-0.553710535,0.003829355,0.21398140899999998,0.329854961,0.452334275
465,Chinemelu Elonu,59,PF,chinemelu-elonu,2009,-1.106791447,0.00010626,0.031079284,0.422527135,0.54628732
466,Devin Ebanks,43,SF,devin-ebanks,2010,-0.40471777600000003,0.008106143,0.218832158,0.41208139299999996,0.36098030600000003
467,Derrick Caracter,58,PF,derrick-caracter,2010,-1.1760329040000002,0.001986871,0.044370692999999996,0.34731267600000004,0.60632976
468,Darius Morris,41,PG,darius-morris,2011,-0.877368502,0.002036612,0.10731065199999999,0.36519978299999994,0.5254529520000001
469,Andrew Goudelock,46,SG,andrew-goudelock,2011,-1.100958547,0.0,0.023789072999999997,0.458182931,0.518027996
470,Ater Majok,58,PF,ater-majok,2011,-1.121020352,0.0,0.0345,0.416516667,0.548983333
471,Robert Sacre,60,C,robert-sacre,2012,-1.476022096,0.00040331300000000003,0.020722041,0.24858155899999998,0.7302930870000001
472,Ryan Kelly,48,PF,2-ryan-kelly,2013,-0.885402692,0.000120922,0.112510359,0.399197829,0.48817089
473,Julius Randle,7,PF,julius-randle,2014,0.627281437,0.08223333299999999,0.41743333299999996,0.2036,0.296733333
474,Anthony Brown,34,SG,3-anthony-brown,2015,-1.187041132,0.0,0.038678905,0.379622804,0.581698291
475,Al-Farouq Aminu,8,SF,al-farouq-aminu,2010,0.217775021,0.036851671,0.368997604,0.284532944,0.309617782
476,Willie Warren,54,PG,willie-warren,2010,-0.919818531,0.004546872,0.091156827,0.39685812299999995,0.507438179
477,Travis Leslie,47,SG,travis-leslie,2011,-0.8132012359999999,0.00462668,0.112001726,0.401183835,0.482187759
478,Damian Lillard,6,PG,damian-lillard,2012,-0.20056231300000002,0.036313508,0.259299921,0.27352202,0.43086455100000004
479,Meyers Leonard,11,C,meyers-leonard,2012,-0.49300456200000004,0.001882547,0.222535097,0.35314568700000004,0.422436669
480,Will Barton,40,SG,will-barton,2012,-0.9357758840000001,0.0,0.094512734,0.402634841,0.502852425
481,Tyshawn Taylor,41,PG,tyshawn-taylor,2012,-0.9066439070000001,0.000579555,0.102159316,0.400538469,0.49672266
482,Jeff Withey,39,C,2-jeff-withey,2013,-1.036232627,0.0,0.09802536199999999,0.361959583,0.5400150539999999
483,Grant Jerrett,40,PF,grant-jerrett,2013,-0.089439075,0.011233333,0.2963,0.3707,0.321766667
484,Rondae Hollis-Jefferson,23,SF,rondae-hollis-jefferson,2015,0.311909198,0.014589784,0.36853314299999995,0.392480667,0.22439640600000002
485,J.J. Redick,11,SG,jj-redick,2006,-0.534230627,0.008943795,0.225057833,0.32409892100000004,0.441899451
486,James Augustine,41,PF,james-augustine,2006,-0.98198068,0.001059535,0.080348111,0.420657049,0.497935305
487,Reyshawn Terry,44,SF,reyshawn-terry,2007,-0.8271420979999999,0.0004988169999999999,0.091555341,0.476973297,0.430972545
488,Courtney Lee,22,SG,courtney-lee,2008,-0.807903032,0.005284049,0.11109604199999999,0.40234613,0.481273779
489,Daniel Orton,29,C,daniel-orton,2010,-0.293619664,0.008891753,0.23799398600000002,0.43228092799999995,0.320833333
490,Stanley Robinson,59,SF,stanley-robinson,2010,-1.1169754490000001,0.000145407,0.061203165,0.385923909,0.552727518
491,DeAndre Liggins,53,SG,deandre-liggins,2011,-0.942360645,0.0,0.058761605,0.460651921,0.480586474
492,Robert Dozier,60,SF,robert-dozier,2009,-1.079879714,0.0,0.07240637,0.384859865,0.542733765
493,Dexter Pittman,32,C,dexter-pittman,2010,-1.027578855,0.0,0.071618117,0.401849844,0.526532039
494,Jarvis Varnado,41,PF,jarvis-varnado,2010,-1.059659795,0.0,0.054341315999999994,0.41635543700000005,0.529303247
495,Arnett Moultrie,27,PF,arnett-moultrie,2012,-0.836069017,0.001951945,0.14241347,0.347440917,0.508193668
496,P.J. Hairston,26,SG,pj-hairston,2014,-0.571128526,0.004645311,0.17656629399999998,0.402214391,0.416574004
497,Semaj Christon,55,PG,semaj-christon,2014,-1.08062241,0.002745413,0.060859379000000005,0.36570769200000003,0.570687516
498,Justise Winslow,10,SF,justise-winslow,2015,0.875328997,0.083528571,0.510904762,0.176766667,0.2288
499,Josh Richardson,40,SG,2-josh-richardson,2015,-1.1250298220000001,0.00013125299999999998,0.056205838,0.376816007,0.566846902
500,Terence Morris,33,SF,terence-morris,2001,-0.936639346,0.001283867,0.10653782699999999,0.380679494,0.511498812
501,Ray McCallum,36,PG,ray-mccallum,2013,-1.113494711,0.0,0.061821626,0.366471375,0.571707
502,Ben McLemore,7,SG,ben-mclemore,2013,0.32444404,0.0575,0.40483333299999996,0.188116667,0.34955
503,Nik Stauskas,8,SG,nik-stauskas,2014,0.09764512,0.016286567,0.302474659,0.390961236,0.290277537
504,Cleanthony Early,34,SF,cleanthony-early,2014,-0.911636168,0.00019739,0.10647912,0.388504497,0.504818993
505,Romain Sato,52,SG,romain-sato,2004,-1.040968512,0.0,0.052018472,0.435614354,0.512367173
506,George Hill,26,PG,george-hill,2008,-0.66127188,0.0015293820000000001,0.160321914,0.426091244,0.41205746
507,James Gist,57,PF,james-gist,2008,-1.334622166,0.000183631,0.019171784,0.342616683,0.638027902
508,DeJuan Blair,37,PF,dejuan-blair,2009,0.511650527,0.014389321000000002,0.409798393,0.35829966799999996,0.217512617
509,Jack McClinton,51,SG,jack-mcclinton,2009,-1.3680582609999998,0.0,0.024756245,0.318503842,0.656739913
510,James Anderson,20,SG,23-james-anderson,2010,-0.789998292,0.003674515,0.10421689599999999,0.458365841,0.43374274700000004
511,Cory Joseph,29,PG,cory-joseph,2011,-0.172781947,0.0205,0.26015,0.3783,0.34105
512,Marcus Denmon,59,SG,marcus-denmon,2012,-0.91208632,0.000738739,0.08560240599999999,0.417502474,0.49615638100000004
513,Deshaun Thomas,58,SF,deshaun-thomas,2013,-0.606352187,0.000469212,0.17426839800000002,0.41977055700000004,0.40549183299999997
514,Kyle Anderson,30,PF,3-kyle-anderson,2014,-0.291038075,0.012674006000000002,0.254152427,0.329701228,0.40347234
515,Jordan McRae,58,SG,jordan-mcrae,2014,-1.084563556,0.000394215,0.052110878,0.415968858,0.531526049
516,Cory Jefferson,60,PF,cory-jefferson,2014,-1.143082916,0.000703744,0.053958917,0.371486396,0.573850942
517,Cady Lalanne,55,PF,cady-lalanne,2015,-1.312742518,0.0,0.022921295,0.33122696,0.645851745
518,Caron Butler,10,SF,caron-butler,2002,-0.2353445,0.032246082,0.2784546,0.23619722199999998,0.453102096
519,Rasual Butler,52,SF,rasual-butler,2002,-1.267643847,0.0,0.012007005,0.401378115,0.58661488
520,Dwyane Wade,5,SG,dwyane-wade,2003,0.73870236,0.121054886,0.36919403700000003,0.16243316800000002,0.34731791
521,Pape Sow,47,PF,pape-sow,2004,-1.315876613,0.0,0.028691192999999997,0.324016155,0.6472926520000001
522,Matt Freije,53,SF,matt-freije,2004,-1.4005860280000002,0.0,0.024232549,0.307632509,0.668134942
523,Wayne Simien,29,PF,wayne-simien,2005,-1.277538911,0.000323883,0.045753454000000006,0.330617853,0.623304811
524,Michael Beasley,2,PF,michael-beasley,2008,0.846981643,0.146477495,0.421324201,0.108675799,0.323522505
525,Darnell Jackson,52,PF,darnell-jackson,2008,-0.9976419259999999,0.0,0.075217555,0.429994899,0.494787546
526,Kemba Walker,9,PG,kemba-walker,2011,-0.08425919999999999,0.026504944,0.308561144,0.25395791,0.410976002
527,Tobias Harris,19,PF,tobias-harris,2011,-0.234177374,0.009266667,0.250383333,0.38741666700000005,0.35293333299999996
528,Michael Kidd-Gilchrist,2,SF,michael-kidd-gilchrist,2012,0.796144638,0.076,0.531266667,0.138666667,0.25406666699999997
529,Cody Zeller,4,PF,cody-zeller,2013,0.23832921,0.01624033,0.35554925200000004,0.375353221,0.252857198
530,Frank Kaminsky,9,C,frank-kaminsky,2015,-0.072352472,0.006718361,0.352834529,0.327164489,0.31328262100000004
531,Earl Watson,39,PG,earl-watson,2001,-0.563747433,0.001241294,0.257464757,0.296876283,0.444417665
532,Bobby Simmons,41,SG,bobby-simmons,2001,-0.709098285,0.005450215,0.136538291,0.409643638,0.448367856
533,Nick Collison,12,PF,nick-collison,2003,-0.510828996,0.000402432,0.24349180899999998,0.390875446,0.36523031200000006
534,Luke Ridnour,14,PG,luke-ridnour,2003,-0.532528811,0.0039437940000000005,0.24611508699999998,0.269305838,0.480635281
535,Willie Green,41,SG,willie-green,2003,-1.3486290769999998,0.001245667,0.016560229,0.36041085100000003,0.6217832529999999
536,Andre Emmett,35,SG,andre-emmett,2004,-1.2764718990000001,0.004548263,0.029744978999999998,0.341697625,0.624009134
537,David Young,41,SG,david-young,2004,-1.3470163080000002,0.000125864,0.022014507000000003,0.348832549,0.62902708
538,Lawrence Roberts,55,PF,lawrence-roberts,2005,-1.287072385,0.000679927,0.043618345,0.304433034,0.651268694
539,Denham Brown,40,SG,denham-brown,2006,-1.121864202,0.0,0.041736569,0.42947969700000005,0.528783734
540,Jeff Teague,19,PG,jeff-teague,2009,-0.727211835,0.006131172,0.214101298,0.244245716,0.535521813
541,Damion James,24,SF,damion-james,2010,-0.95337406,0.001767445,0.111348887,0.376728061,0.5101556070000001
542,Keith Benson,48,C,keith-benson,2011,-1.379251302,0.000125438,0.031224406,0.288214225,0.680435931
543,Rafael Araujo,8,C,rafael-araujo,2004,-0.9236678629999999,0.0026660090000000004,0.10371358,0.36252711600000004,0.531093296
544,Charlie Villanueva,7,PF,charlie-villanueva,2005,-0.24409248,0.0069573180000000005,0.285927428,0.37091110899999996,0.336204145
545,Joey Graham,16,SF,joey-graham,2005,-0.9400706059999999,0.002051043,0.096297569,0.424085031,0.47756635700000005
546,Andrew Nicholson,19,PF,andrew-nicholson,2012,-1.0826602490000001,0.000630555,0.066266506,0.397673392,0.535429547
547,Victor Oladipo,2,SG,victor-oladipo,2013,1.211980125,0.160260293,0.429232385,0.174529059,0.235978263
548,Romero Osby,51,PF,romero-osby,2013,-1.367231132,0.0,0.014427001000000002,0.318924131,0.666648869
549,Aaron Gordon,4,PF,aaron-gordon,2014,0.8442044190000001,0.0966,0.4617,0.200033333,0.241666667
550,Tyler Harvey,51,SG,tyler-harvey,2015,-0.963286998,0.0,0.045680357000000005,0.485580914,0.46873872899999997
551,Brandan Wright,8,PF,brandan-wright,2007,0.019708441,0.011444142,0.302588556,0.44182561299999995,0.244141689
552,Jared Dudley,22,SF,jared-dudley,2007,-0.596161229,0.001211272,0.173232802,0.430848921,0.394707004
553,D.J. Augustin,9,PG,dj-augustin,2008,-0.88945043,0.006242151,0.178705528,0.215808665,0.5992436560000001
554,Kyle Weaver,38,PG,kyle-weaver,2008,-1.056623149,0.001547841,0.069087263,0.371474735,0.557890161
555,Gerald Henderson,12,SG,gerald-henderson,2009,-0.938424467,0.0018739639999999999,0.071148045,0.46802910299999995,0.45894888799999994
556,Derrick Brown,40,PF,derrick-brown,2009,-0.935704311,0.0,0.07034427,0.47737194200000005,0.45228378799999996
557,Robert Vaden,54,SG,robert-vaden,2009,-1.219868835,0.0,0.020289887,0.401835765,0.5778743479999999
558,Eddie Griffin,7,PF,eddie-griffin,2001,0.399028,0.085375119,0.36825736,0.201519468,0.344848053
559,Brian Scalabrine,34,PF,brian-scalabrine,2001,-1.245361256,0.0,0.017496223999999998,0.40268817100000004,0.579815605
560,Tamar Slay,53,SF,tamar-slay,2002,-1.254119747,0.0,0.020055906000000002,0.40500007299999996,0.574944022
561,Kyle Korver,51,SG,kyle-korver,2003,-0.49567217,0.0009040010000000001,0.21049033,0.401104667,0.38750100200000004
562,Christian Drejer,51,SF,christian-drejer,2004,-0.8608684040000001,0.00118986,0.083543544,0.459642591,0.45562400399999997
563,Derrick Favors,3,PF,derrick-favors,2010,0.437431234,0.060890652999999996,0.400088183,0.229982363,0.30903880100000003
564,Jordan Crawford,27,SG,jordan-crawford,2010,-1.068172823,0.001622446,0.079620396,0.412964699,0.505792459
565,Nikola Vucevic,16,C,nikola-vucevic,2011,-0.24277792899999998,0.002209827,0.265809316,0.38034645,0.35163440700000004
566,Lavoy Allen,50,PF,lavoy-allen,2011,-1.152110461,0.0,0.052752889000000004,0.36144076399999997,0.585806347
567,Justin Hamilton,45,C,2-justin-hamilton,2012,-1.3012540559999999,0.00028239,0.028768314,0.327982371,0.642966925
568,Justin Hamilton,45,PG,justin-hamilton,2003,-1.023904699,0.0008449989999999999,0.060041658,0.417915999,0.521197343
569,Alex Len,5,C,alex-len,2013,0.55480609,0.071429724,0.400516549,0.245677995,0.282375732
570,T.J. Warren,14,SF,tj-warren,2014,-0.148039157,0.013448779,0.258598773,0.36924236,0.358710088
571,Tyler Ennis,18,PG,tyler-ennis,2014,-0.39278162299999997,0.037816667000000005,0.24841666699999998,0.2376,0.47616666700000004
572,Alec Brown,50,C,alec-brown,2014,-1.3758429069999998,0.00034759,0.017325302,0.303191714,0.679135395
573,Devin Booker,13,SG,3-devin-booker,2015,0.472577305,0.073366667,0.324466667,0.390166667,0.212
574,Andrew Harrison,44,PG,andrew-harrison,2015,-0.337040592,0.01122782,0.209972569,0.3939911,0.384808511
575,Michael Carter-Williams,11,PG,michael-carter-williams,2013,0.024133017000000003,0.031497832,0.31368274399999996,0.26933731,0.385482114
576,Pierre Jackson,42,PG,pierre-jackson,2013,-0.783826536,0.003619142,0.113334171,0.406726714,0.47631997299999995
577,Joel Embiid,3,C,joel-embiid,2014,1.164983449,0.14786666699999998,0.398188095,0.234645238,0.2193
578,Elfrid Payton,10,PG,elfrid-payton,2014,-0.284167648,0.019206755,0.23972399600000002,0.343878864,0.397190385
579,K.J. McDaniels,32,SF,kj-mcdaniels,2014,-0.796472838,0.0028485190000000003,0.125553787,0.394025815,0.47757188
580,Jerami Grant,39,SF,jerami-grant,2014,-0.453116853,0.008432581,0.191915165,0.375301105,0.424351149
581,Russ Smith,47,SG,russ-smith,2014,-0.716167447,0.008371726,0.11362022199999999,0.43319263700000005,0.444815416
582,Jahlil Okafor,3,C,jahlil-okafor,2015,0.521661276,0.058716667,0.4099,0.235533333,0.29585
583,Richaun Holmes,37,PF,richaun-holmes,2015,-1.186744347,0.000357099,0.060157338,0.314633278,0.624852285
584,J.P. Tokoto,58,SF,jp-tokoto,2015,-0.785873736,0.0006736289999999999,0.107998383,0.431220506,0.460107482
585,Kevin Durant,2,SF,kevin-durant,2007,0.37508804799999995,0.08179702,0.39641527,0.129143389,0.39264432
586,Carl Landry,31,PF,carl-landry,2007,-0.9528953490000001,0.002045092,0.126780838,0.348472083,0.522701987
587,Glen Davis,35,PF,glen-davis,2007,-0.633933768,0.00268721,0.157226742,0.409084991,0.431001056
588,Russell Westbrook,4,PG,russell-westbrook,2008,0.772029843,0.142845458,0.386064356,0.169641495,0.301448691
589,Walter Sharpe,32,PF,walter-sharpe,2008,-1.128185543,0.000540176,0.035090743,0.40668176100000003,0.557687319
590,Trent Plaisted,46,C,trent-plaisted,2008,-1.325366026,0.001000007,0.033831417,0.308200972,0.656967605
591,DeVon Hardin,50,C,devon-hardin,2008,-1.3444244330000001,8.472819999999999e-05,0.031545715,0.29419824899999997,0.674171308
592,Sasha Kaun,56,C,sasha-kaun,2008,-1.1535714670000001,0.000551242,0.06272428099999999,0.36718485700000003,0.5695396189999999
593,James Harden,3,SG,13-james-harden,2009,0.788386355,0.13276965599999999,0.404873415,0.147432335,0.314924594
594,Eric Bledsoe,18,PG,eric-bledsoe,2010,-0.634546545,0.002207792,0.21922077899999998,0.311969697,0.46660173200000005
595,Craig Brackins,21,PF,craig-brackins,2010,-1.2977407029999999,0.001753732,0.0359086,0.334892753,0.627444916
596,Quincy Pondexter,26,SF,quincy-pondexter,2010,-1.054958541,0.000721015,0.067825409,0.40616289200000005,0.525290684
597,Magnum Rolle,51,C,magnum-rolle,2010,-1.3207376240000002,0.0,0.02575748,0.333113006,0.641129514
598,Reggie Jackson,24,PG,4-reggie-jackson,2011,-0.5643750270000001,0.006523507,0.158053855,0.417360089,0.418062549
599,Steven Adams,12,C,steven-adams,2013,-0.007590802,0.009433333,0.295566667,0.416633333,0.278366667
600,Archie Goodwin,29,SG,archie-goodwin,2013,-0.525482504,0.014966667,0.1988,0.34676666700000003,0.43946666700000003
601,Mitch McGary,21,PF,mitch-mcgary,2014,-0.274478981,0.007489118,0.23759761899999998,0.434655687,0.320257575
602,Josh Huestis,29,PF,josh-huestis,2014,-1.226497956,5.4063599999999995e-05,0.028102448999999998,0.360460124,0.611383363
603,Cameron Payne,14,PG,2-cameron-payne,2015,-0.604344604,0.009530364,0.19008399,0.316887572,0.483498073
604,Dakari Johnson,48,C,dakari-johnson,2015,0.491787354,0.021340777999999998,0.36754357,0.41757199700000003,0.193543655
605,Michael Wright,38,PF,michael-wright,2001,-1.051886513,0.004342394,0.07456228,0.36717466,0.553920667
606,Eric Chenowith,42,C,eric-chenowith,2001,-1.4621311380000002,0.000548085,0.030221655,0.23620369300000002,0.733026567
607,Mike Sweetney,9,PF,mike-sweetney,2003,0.039230548999999997,0.017960094,0.308280379,0.367714969,0.306044558
608,Alando Tucker,29,SF,alando-tucker,2007,-1.067313339,0.001979317,0.06865441900000001,0.409033204,0.52033306
609,D.J. Strawberry,59,SG,dj-strawberry,2007,-1.362045295,0.0009746980000000001,0.031569322000000004,0.30865706600000004,0.6587989129999999
610,Robin Lopez,15,C,robin-lopez,2008,-0.38568256799999995,0.010060837,0.21869652,0.426457594,0.344785049
611,Malik Hairston,48,SG,malik-hairston,2008,-0.93788657,0.0036756909999999996,0.060182022,0.48016583,0.45597645600000003
612,Earl Clark,14,SF,earl-clark,2009,-0.7896404029999999,0.001075956,0.13252634300000002,0.405906765,0.460490936
613,Taylor Griffin,48,SF,taylor-griffin,2009,-1.3685449140000001,0.0,0.019771761000000002,0.31883721600000003,0.661391023
614,Gani Lawal,46,PF,gani-lawal,2010,-1.225735385,0.000571082,0.05009364,0.333573021,0.615762257
615,Dwayne Collins,60,PF,dwayne-collins,2010,-1.222101361,0.000520216,0.04270966599999999,0.35197533200000003,0.604794786
616,Tyrus Thomas,4,PF,tyrus-thomas,2006,0.865400995,0.124712644,0.412997347,0.13541114099999998,0.326878868
617,James White,31,SG,james-white,2006,-1.012832448,0.00010261200000000001,0.081280709,0.39896504299999996,0.519651636
618,Doug McDermott,11,SF,doug-mcdermott,2014,-0.592855566,0.008434031,0.170931755,0.41918127299999997,0.401452941
619,Roy Devyn Marble,56,SF,roy-devyn-marble,2014,-1.164732314,0.0012941489999999999,0.045501185,0.367424895,0.585779771
620,Willie Cauley-Stein,6,C,willie-cauley-stein,2015,0.35117138299999995,0.047114455,0.40598986299999995,0.243185719,0.303709963
621,Jarvis Hayes,10,SG,jarvis-hayes,2003,-0.8824294490000001,0.0018265129999999999,0.106547017,0.441476895,0.450149574
622,Steve Blake,38,PG,steve-blake,2003,-0.590902036,0.00022109,0.119338161,0.479760886,0.40067986299999997
